{"cameraMode":{"drawMode":0,"name":"Shaded","section":"Shading Mode"},"sceneLighting":false,"audioPlay":false,"sceneViewState":{"m_AlwaysRefresh":false,"showFog":true,"showSkybox":true,"showFlares":true,"showImageEffects":true,"showParticleSystems":true,"showVisualEffectGraphs":true,"m_FxEnabled":true},"in2DMode":false,"pivot":{"x":4.190000057220459,"y":2.9100000858306886,"z":0.559999942779541},"rotation":{"x":0.009149911813437939,"y":0.9157652258872986,"z":-0.020891830325126649,"w":0.4010738134384155},"size":2.6538374423980715,"orthographic":false}